,0,1,2,3,4,5,6,7,8,9,10,11,12,13,14,15,16,17,18,19,20,21,22,23,24,25,26,27,28,29,30,31
0,0.488288338926346,0.5063398787397472,0.4820489040336711,0.5170403727544564,0.5260426600593594,0.4196239234653113,0.42658641317136137,0.5587015405743229,0.47021861105694074,0.49404095902547446,0.6180991929807053,0.5368708020990097,0.5211394410336824,0.5528787712689305,0.5514397488123338,0.5030847291528412,0.43241351603351674,0.49492412733753505,0.41066245122339284,0.45431908700329166,0.40556000457837854,0.3994890641645704,0.5165013038903481,0.4721808225670429,0.5586957495748135,0.534454135804003,0.5189963810307383,0.513459388238821,0.44692807715304184,0.5008007813589889,0.5631112142186796,0.5520488812850107
1,0.46616018979629215,0.45256377152413685,0.45285873647407004,0.4785689263528398,0.5320730019517602,0.6328215793761806,0.46005962480083107,0.4526520100187734,0.5488289748717682,0.49588489843490474,0.43476573605727686,0.5454713274344019,0.46909874740777613,0.49704364318881206,0.5559342564732044,0.47100170445065104,0.5169612813237369,0.5331416267359069,0.5261794992881362,0.4883773586088919,0.46478916823239336,0.489826374500185,0.5235209919177685,0.5396170687331019,0.5523361613855853,0.5183238350562622,0.4676637983877753,0.48252046115073655,0.5770017822274065,0.5853230334924984,0.5791535564175754,0.5482336126435808
2,0.5366139106320975,0.4769502027908323,0.5299647255606227,0.5791025349731632,0.5491872379606212,0.4982270514675261,0.4381252039192143,0.5214136224915139,0.46816234601226225,0.5247670254755898,0.4383717941234622,0.4747460208943118,0.4997984799922754,0.4857001606305308,0.43899142258709817,0.5376293361946477,0.5289077090821618,0.4524027401347879,0.5611791925720335,0.47875753071171234,0.4823230485764732,0.5385864077878395,0.46126449570349864,0.45798967559374393,0.458774216203542,0.4165610522327481,0.4895206182998726,0.5130230781299827,0.4792399571179458,0.5071133687585307,0.5659942579426416,0.5565264856654485
3,0.4576604573791868,0.5074838890747773,0.5363583729926469,0.5003572268434525,0.4602124185002663,0.4888980369986319,0.5590195046359203,0.5594086291491681,0.46758634502682234,0.4576171099314467,0.47826750393413625,0.505737879481086,0.5762253914829577,0.5181066903446258,0.4852324814504719,0.48508821638837024,0.43426740415845144,0.490504782937567,0.4780754167098577,0.6065241650074914,0.5493122811890705,0.4652328928586116,0.5341438885532286,0.5685804019744078,0.5170394554948045,0.5419655121567689,0.5310212324519376,0.45017791981218547,0.46347756260755735,0.5325742908879985,0.45572760607394686,0.5458498849730423
4,0.4599935658433034,0.46734134194043864,0.4489771771012492,0.5242700401897941,0.5278736341295257,0.5347924083161961,0.5390727112021286,0.6481348314896584,0.5851932755063243,0.5161518613776173,0.536986037631919,0.483468522203409,0.53874432772057,0.5016926459368924,0.5501659395849183,0.5784301618859108,0.4755015366301594,0.5557037656883509,0.5860966559546824,0.5067413747474374,0.4966378517468914,0.43337911060643697,0.44046042433987054,0.5380705460627074,0.5353247064309655,0.3835870190950608,0.5706598601482571,0.45326809806169543,0.5266604250945146,0.4723768163357134,0.5090990254084613,0.49138516939770066
5,0.5376924073099885,0.40953725218316483,0.5933540902933172,0.4150958083976452,0.4556577502308381,0.46147576756985115,0.4651098557823671,0.5015298396862268,0.44190060882423793,0.47781256249240783,0.48940918501361885,0.5215577600487538,0.5743307733495282,0.578409320565991,0.45886361227833505,0.46133796286968975,0.5065757420577927,0.47931841955467014,0.41928765241522403,0.4933347464962159,0.49733119809430454,0.4512745290849855,0.5974750219167662,0.5397333008671426,0.4989616862921915,0.5865517383799761,0.43223872259717167,0.5257890499322417,0.5213608505232883,0.5312902772047122,0.5020424102825446,0.46971440099013373
6,0.5070781742133698,0.569391221508882,0.4360898227208706,0.4744914747892987,0.4551972155917762,0.593679528917221,0.4507870079117225,0.43351433163998876,0.44788664457569455,0.5424773656361283,0.5828057847923551,0.47950426801421697,0.5562560717750283,0.47581336274444247,0.5020960070294652,0.5470993273937442,0.4759055165441752,0.5399384334906491,0.4430675717084905,0.4725268580485986,0.5930438715163922,0.5204854021207272,0.49434506382494253,0.5232881104985139,0.4792263680103378,0.5230327447416511,0.42116143402630324,0.4657663314341294,0.5494266649157726,0.5069880947654292,0.5580851650820655,0.46923431078998545
7,0.47207459287906095,0.46532604594156585,0.36611041208574086,0.5388015966896074,0.5400735345177443,0.5224390774559565,0.5180814993877008,0.5301135454450109,0.45113510551783864,0.5622142585268334,0.4844675134759573,0.46950291328778404,0.5139194395378455,0.494492615112399,0.5069567316241955,0.5846461632869442,0.44940436695055036,0.4563033479801496,0.4947533698488021,0.5190886116163156,0.5116530083587447,0.491916360912417,0.4699209355522947,0.6334040534289419,0.5283596026193434,0.45018115470393383,0.4823152122036962,0.5197505104389479,0.5350938492096041,0.5460364485738511,0.45893732188169817,0.5467955389394986
8,0.5510828390597405,0.5047651986554553,0.5385406055352276,0.5722287546063352,0.42398338611017705,0.5719496126445933,0.438576202439496,0.44092674334518817,0.4730834610823444,0.5245925386761411,0.6309886517144101,0.47316493213318,0.43871086600311493,0.43750574215093746,0.5339856463190527,0.38378905636460037,0.5006419204712756,0.46891219176356025,0.5146249952575214,0.524600754362566,0.5339320527622389,0.4693399118499756,0.5661299250676576,0.5552556127146762,0.3995616128601977,0.484086154146638,0.5039798306368993,0.4064138788216506,0.5186607272723655,0.43765714032640896,0.4797325380711641,0.589115926510047
9,0.4864366070165939,0.5768008232781764,0.5351968397423276,0.49895801475067875,0.547664953056048,0.41727982055914353,0.4603234241302317,0.44479299627003194,0.4743856787213725,0.49684854658642896,0.4720048153209804,0.4691094011302037,0.4792033336487874,0.5571611680260398,0.49602520185026716,0.47196578491701857,0.4723305199970216,0.47154026137337335,0.49526663180516434,0.4558888386849579,0.5141613965308474,0.4556903619547883,0.57496815515933,0.5130897269180175,0.4800239777450242,0.5521223046871044,0.4685155762804255,0.49059805071515655,0.5082264123751308,0.4700719245397499,0.4481845094625609,0.47391831815971014
10,0.37633568159691305,0.6044159159949967,0.4112945160624695,0.37390184910572566,0.48430891899369777,0.5570673159134448,0.48415068672068845,0.4903944325963177,0.46613466614485083,0.4125713323480532,0.4885511392359913,0.6097835177323037,0.5600046091995787,0.4548550432343569,0.384567348954023,0.5131115051034847,0.46930127433338475,0.4954612292305656,0.4279833512553395,0.6271940771508939,0.45177839224360206,0.5699178212688586,0.39172974417768003,0.5660245219411566,0.536491816028558,0.4643542162852194,0.4727153554707546,0.5629696595057779,0.4506143542258937,0.4522320833612354,0.506874572534219,0.5895382857481951
11,0.5408976826828917,0.45614268308266637,0.539996712753574,0.5857730009395666,0.46629931310191125,0.4628422395862136,0.4627939806096086,0.3874844177710967,0.37995921368153346,0.4392824472724642,0.4464572114342071,0.4293009054783152,0.5035817153879214,0.5393345809895751,0.5357493868672379,0.5505695815138342,0.4727659146241847,0.4995018552302215,0.49507759537734364,0.5038644368583077,0.47663577228066206,0.4916347039790018,0.5740833786903883,0.5270530898388621,0.5114669432162845,0.481497313720442,0.5055179251659933,0.5038733154147343,0.5943407551174507,0.5268086594877843,0.4104960728137388,0.5259185637330926
12,0.5519514480467336,0.5796171984992026,0.44185208421262,0.5232573229628816,0.5561593561321869,0.4362483315579625,0.542528487360654,0.49675026069043665,0.4753249015255802,0.45675672440676407,0.558058350828403,0.47785285324380045,0.43935303691608346,0.4577651816925267,0.4970084280952698,0.43367142890493277,0.5560160985188461,0.4867351463744076,0.3974378834102892,0.4651173956170714,0.5299934669105161,0.5366057831278945,0.5870041421396524,0.3735146398207592,0.5225325397159436,0.5294529040980811,0.5262756232089828,0.5576063191292395,0.518216856665483,0.5848986021133091,0.5608084864122596,0.37422200200330835
13,0.39548238636938515,0.5587782763846308,0.531438763397914,0.5317416565255415,0.4318899422122157,0.408753082416648,0.5972823559142759,0.44276878078501014,0.5471173005482881,0.5084870001096727,0.5320228227026462,0.493898975922308,0.4327214453634719,0.4653929490206195,0.54528764096599,0.5631910917408685,0.5757781807467022,0.47326100929063114,0.41989518290556277,0.456562712770987,0.606778248560166,0.555900006206712,0.5165551995338077,0.436891749126492,0.5730591571444003,0.4668478637232351,0.5383317398855058,0.4561924258014488,0.46173881715934556,0.46467044710573613,0.5724451357931017,0.4469951346916157
14,0.5722958248407155,0.43030159911042004,0.44013987548831957,0.588591772743104,0.4096241473362502,0.43118198557356047,0.5452225970497213,0.5769420860668506,0.48175490558191253,0.4960516843769816,0.6063374616461609,0.5176160332516022,0.5629340276279102,0.5472375258773792,0.48959168758690713,0.5123863063765106,0.4048243968210694,0.5169417814957392,0.4578163246401899,0.4839155794258163,0.44473980102009936,0.4978455481938656,0.47967221935066257,0.5139250178230239,0.5514763223146776,0.4351687775315503,0.5385454835709611,0.46078936780223817,0.5641134252129152,0.51712445223371,0.4537912673640618,0.50589800833938
15,0.45708325546872486,0.5333897582437371,0.5419265725563839,0.5567656861347094,0.5360573606718453,0.5170229054977358,0.5666336467605968,0.5172093205932634,0.47025305742046053,0.5103848383404226,0.5488931395374278,0.5570521699478063,0.4691148071824423,0.5106416865726359,0.38561963017426176,0.5008826820915336,0.5452821557156616,0.4999599038205598,0.5285328267027379,0.5919818682437321,0.510749713944043,0.44384780116760136,0.47586849668024556,0.49637152256435185,0.5248036675636634,0.4527229604987435,0.44455093812131213,0.48364008457106167,0.49812904655817697,0.4845596898531721,0.4459944140457025,0.5153293281034177
16,0.45798053294479546,0.5882107074927301,0.5363003901936539,0.5020644615003854,0.46300752934305034,0.4849717532100437,0.48843859377925414,0.5342004941893949,0.5631585298368782,0.5110342956468308,0.4993423097294122,0.5386094406061005,0.4712896996591367,0.5322517679522087,0.3905583107060253,0.5117434184841784,0.4662857830558694,0.5496715532305075,0.45320796166064464,0.44438979513539134,0.44871433063862176,0.44388668918285734,0.5445644060926378,0.48678184141987235,0.5135030259670731,0.5252644598460895,0.5295064505632786,0.4804159601779946,0.5350639897681171,0.5306209272507089,0.5239421655574439,0.45946393812898256
17,0.4970334496065545,0.48259909733188755,0.47165160850299587,0.4918050304588079,0.5517400511195886,0.5409871321498307,0.35155880205455425,0.44836270944680096,0.4016029988555468,0.5339357183272402,0.503459780028937,0.5055572167806637,0.4685106645633837,0.4638128734623228,0.44165697874927773,0.43969632054255287,0.5167859850546727,0.5234442766298856,0.495152861184516,0.507085375236177,0.45064014600821867,0.5451204273620677,0.5572706603636787,0.43308980639499306,0.4984781541463921,0.5403347509170889,0.44423915324627733,0.5596573867784701,0.4490881754084607,0.4972551461696246,0.5028592558524057,0.48501833249794085
18,0.4778796908634324,0.49072073443480957,0.5298320364842902,0.44357714800890385,0.45342153053320544,0.5101591862196835,0.5166346864375476,0.5787872129516383,0.48490091878257824,0.526723785550391,0.43333376075331276,0.4502419838842254,0.38557783578570703,0.4808722829440311,0.4404684714540167,0.36072635730716013,0.5299097691193742,0.5204203619202178,0.49163686661855194,0.4660482127002633,0.4940900942080991,0.49869384493130625,0.43328728312392095,0.4224229483732313,0.46044656749430013,0.5990164778748277,0.4081559334138829,0.6270772443872992,0.48823763728039593,0.5632062017917867,0.5174355494020543,0.559744582078674
19,0.5728938086867296,0.5394467085081729,0.4155864571355531,0.5282252711691314,0.46524983133423387,0.4323977826383489,0.5277740303841724,0.5690054311643732,0.46564613418751094,0.5294692984870767,0.5343252015840425,0.5890177694180557,0.5050714830639114,0.4933536082756352,0.5149988811400941,0.5289695263879338,0.5222875126635154,0.5147802871070306,0.47469796293050215,0.44697299082387676,0.4926041456268327,0.5289516692860067,0.5379931025155397,0.5089739665856754,0.48987754589712923,0.4679930825840672,0.44183385058577884,0.5676012988773917,0.5312426020058757,0.5406471315741972,0.5409052459564809,0.5602321950690426
20,0.5282343404286144,0.5019809192105714,0.49606781166657943,0.5340429578867812,0.4966613170346976,0.4301412485880631,0.5245220789790466,0.5357901659698387,0.5376402973484895,0.46577716375335926,0.3882157315375755,0.4659007474871695,0.47975222638101234,0.5682771306601098,0.5288198623111644,0.4781464633197929,0.6004589490719571,0.4726224421546211,0.5280482073808719,0.5871158576812956,0.509070552082896,0.4224182648711173,0.4332239642153364,0.5287373453155181,0.4857296325345371,0.525581129949508,0.4638475513896006,0.4558219618507076,0.5369524367269785,0.4480341541639333,0.5008104219109601,0.5002347755927156
21,0.6149094916503482,0.6269380691090453,0.5953758369145032,0.532823929137296,0.4871101301465138,0.43362890285365635,0.5079540429363623,0.49623259028252087,0.4400780656339816,0.5019271340729472,0.4370775038383684,0.46453010427532626,0.3839613138872725,0.5457051405205414,0.5112773560805901,0.49658537928584073,0.4235407506544083,0.41874201730977556,0.5539907068603251,0.5201975408314954,0.4578205706524409,0.5103020184604571,0.4525234938355297,0.5257924215955544,0.542971424484623,0.5104767805261098,0.5607170432591927,0.5070079227307407,0.4895650983740581,0.49638733348410197,0.5140370546357911,0.47192803904609315
22,0.5563932786987036,0.4519212112232298,0.5972034383655095,0.5761597977462558,0.5042805991972427,0.504978201131398,0.5030102756858552,0.42303843576044997,0.48826480672893985,0.48227981439739787,0.48043861275973077,0.48166544302359454,0.461715965105596,0.48725369531693463,0.5375442140303061,0.5237430560338869,0.577548225488839,0.5300974147926394,0.5264856525249976,0.4173061137836183,0.5084118250445405,0.4543847182374847,0.41923315931069294,0.4162366025994999,0.5237786474588506,0.5270967764538693,0.41183135073921306,0.5518252728516614,0.4402893466097768,0.5486877287939158,0.5140751073653663,0.5522383575641922
23,0.527959594116336,0.5149181123419163,0.4481702086463462,0.49561110591181246,0.44586440688653145,0.4279176894321154,0.5405044223204603,0.5534512140876182,0.5080706581306907,0.6057933749747743,0.5580867056950857,0.5950495485976497,0.39481173885175014,0.55297473127635,0.4725560695481005,0.4858658470401725,0.49052374301988577,0.4438839749397586,0.5244504303163803,0.4499602139552515,0.4619582773038833,0.47107030058312,0.5134084853043638,0.44890539545099833,0.5677650723888351,0.5077335734732497,0.551458327283827,0.5201945685688725,0.4748802784685172,0.3761604040819666,0.4638216095828693,0.470745963842396
24,0.4924704209731428,0.44112301748168087,0.45358211233200346,0.47186381522422616,0.5069942005855201,0.48177062863901676,0.5915113757426325,0.5419501798124009,0.447386111135536,0.628185028485013,0.42523150758355643,0.5717056978975308,0.5828683474517421,0.5470933078392312,0.49482781092921385,0.4255021981438238,0.5653955892265556,0.5181342943430207,0.482338550418422,0.4651962184846493,0.4188619756382533,0.4867759930032525,0.4979466592282487,0.5469664900394113,0.5168388048938539,0.4636776445176719,0.53833391568221,0.4169142666694462,0.47250871511514736,0.4988199752255971,0.5426891926554059,0.5063870778171312
25,0.5602442568748399,0.4989830359104616,0.4745502237578917,0.5234350597664948,0.4800430545979574,0.574006458260395,0.3984545601111448,0.46857399374541503,0.5172906398630895,0.47873054535586357,0.6110029392257719,0.4986626102614254,0.5225111263950843,0.4536284374801239,0.5429781932530848,0.5871749441156529,0.4817638297276511,0.45283511111926933,0.4861474476509181,0.507379112317968,0.4538509574554677,0.5491240271729189,0.4960114254708398,0.5785425950655384,0.5368485512066434,0.5138299110636346,0.6192270892722687,0.42647057989900866,0.5570590695728627,0.4117959857288791,0.45868498292644844,0.45349635397009025
26,0.4441210544748969,0.48920061585810554,0.46853062273228924,0.4920574116572878,0.4675853642844186,0.5485509333496,0.4573007084220916,0.46194169055187445,0.49396510628161827,0.5049930720072308,0.5498109121666148,0.5587746539596675,0.45919064363134776,0.536232514792365,0.3899103370687981,0.5443495915158538,0.5823369033092621,0.5201609802310689,0.5053140080229166,0.4327552038242928,0.48180854354304226,0.4045586616976305,0.47236590200936235,0.4653505215481443,0.44946629160940516,0.5931132226215744,0.612375797323661,0.5760467033909513,0.5107825239307253,0.4790098026593915,0.4345305887140892,0.6380244354249978
27,0.5537798727359303,0.5953201564201624,0.49688473543446404,0.539836272589715,0.6011875966213077,0.4407021956754249,0.5749484480624544,0.608256140445469,0.48135675103461795,0.5491497605061115,0.4310320554460553,0.48135396185824947,0.42700022175083074,0.4713481820097189,0.4813858453481399,0.5627054249579617,0.4519019595368915,0.4639193099399968,0.5120737498374509,0.5665756908921992,0.4577033511141017,0.517520777293357,0.5199902201892049,0.5102644111263319,0.5694832782006121,0.48529813686157863,0.4632290061926537,0.4897523398971043,0.4248275169972966,0.4054088762841051,0.4146146866241296,0.4832614952662578
28,0.4407915313404854,0.49395426798029946,0.479176738641877,0.449797136407443,0.45003761023411093,0.46731206977101175,0.5547024927926116,0.5001601807863412,0.4633254902270202,0.42755181323602,0.45905890077095496,0.5342550548467307,0.48775087035144327,0.443257561639545,0.49866586364092735,0.52685334106754,0.5099570763787482,0.5436691655864804,0.481440495131524,0.49081189856512,0.5305216812365526,0.4871083392500868,0.4892558371401023,0.4459491849855024,0.490551691657528,0.44035999387236185,0.5063195526562695,0.4698386457828127,0.4896016300705953,0.5122681046580915,0.5369439209840431,0.563356403618536
29,0.5638196800666908,0.5529340469239553,0.5290832749094871,0.4401138011936315,0.51661425224269,0.5263935237519772,0.43275882311700786,0.4819754872285954,0.4931299157751567,0.42822927163379615,0.5372033747377865,0.4788489906811952,0.5361909957687518,0.5184042460121587,0.4594999790843192,0.4794422694643061,0.4549714901197446,0.4481866539293791,0.5058591219048362,0.44864219459013505,0.49013188951205755,0.41608825664309584,0.4983186620565806,0.4091262625826184,0.4921881022932079,0.5288904970880114,0.4675003391621993,0.4492374550902969,0.43791539272897867,0.40763256294028133,0.49460572805467967,0.47984021852538017
30,0.5308642202915639,0.38740607326880305,0.5537674493907435,0.3870996786275226,0.5291346535624322,0.5067575250295343,0.44005401212015594,0.4816157419869177,0.523339603344159,0.497183148233846,0.6220172579820169,0.47894380170993545,0.5266311694336913,0.41885256448238206,0.4491587881487353,0.4854330035935508,0.43229698703631314,0.5485219262943024,0.43061566535848295,0.475956567309966,0.40521871111246455,0.4977152746068939,0.48809249606591554,0.5933619044899203,0.5521028577533181,0.5187794775497856,0.5589195964304678,0.4645342942254472,0.583938996583658,0.5107062094536394,0.46120437544538634,0.5323676447692838
31,0.46758557584060756,0.34854689643180603,0.4518102974813809,0.5337551995307983,0.5498601032558791,0.4847077372801318,0.5668102740009312,0.5663266808458441,0.5600242378548023,0.5165853595116118,0.6168731801678754,0.5016905723339301,0.5185447578309282,0.505325540655665,0.4431326214644613,0.43961376996440577,0.6190893731691606,0.49777761520670594,0.46191166596999256,0.5161919383221905,0.4750685822505041,0.537317865290284,0.61817039929986,0.531704852135266,0.48415800286181837,0.6318290893118257,0.5354399047538163,0.5197701632895251,0.4532791217010179,0.49639406534291214,0.48149884948094995,0.46671347118336187
32,0.5075395685605251,0.5216662969954835,0.4485385452017873,0.505647264203608,0.4808794656360101,0.4965561998354527,0.4394771116296664,0.4258625997252388,0.5527518193918702,0.48667076765220607,0.5260966205990709,0.4911708828662248,0.5276280644102548,0.49620280861404004,0.37842845015657556,0.474183097847376,0.4704632107871293,0.6343233372933802,0.43580902254176995,0.3896383476748826,0.4834260609059176,0.42400093155519974,0.491811321500852,0.5204428590646574,0.5179196073834671,0.5307619013587063,0.4639384059082116,0.5615994672141698,0.477273532837573,0.4433647888728092,0.4355575236074605,0.5222156782328877
33,0.45885608475927914,0.5127582531348838,0.42699661835609454,0.4873757863310086,0.4437018648578106,0.5525344369504446,0.5042303665386547,0.4978479221285177,0.507365877849197,0.547425540251199,0.5513724485043449,0.44999925808811414,0.4084181260167866,0.41175067720058445,0.40526469391141506,0.5523901335787886,0.5214757482791258,0.5056643894651478,0.4933745286750832,0.44527517004347755,0.4910300991389727,0.5737072937013887,0.5004855846370949,0.4443155068372333,0.47657393162110595,0.5120069589202104,0.47528414326060114,0.49041344840944096,0.4980442555296459,0.47731580890230063,0.5017963818463066,0.5069607537517055
34,0.5485860544419265,0.5036770605549077,0.505744014265002,0.4146876474011655,0.5836339894040821,0.507085401572736,0.46914344123989754,0.5609039949015349,0.5373238122260238,0.432758498890864,0.45009366304682913,0.44680044550564296,0.4579758764197879,0.5074371459145597,0.49215001011333925,0.49559540282678977,0.5284617033298669,0.4910293323564766,0.4986985994729355,0.44701041902662497,0.5256339426350559,0.5064006916577377,0.5223273577269816,0.4858579070133604,0.4554152194951364,0.5025950499701537,0.5832132708401809,0.5941058107026713,0.46293568854595746,0.5389774864103823,0.42248009649641943,0.47292145215690373
35,0.5787204429247185,0.5086157699092713,0.45753071321648975,0.5552956306722623,0.5200168035494248,0.45522520072700484,0.46282916140910096,0.441153573347534,0.4028590090160664,0.539054726717898,0.4779302819166774,0.4452947726578096,0.5364679685879625,0.49975564710974685,0.4869575103054127,0.4114578288199327,0.5852474238521989,0.45607893533398314,0.4281490658700555,0.6133824652875152,0.4371896905511128,0.48222831295845336,0.5145959771214972,0.5454183626116214,0.5076415021233732,0.4494222179544521,0.5620424573078711,0.4670559763267579,0.4417808256671958,0.4701596187591844,0.5653713248369325,0.4929810258897499
36,0.507729954694807,0.3117478146577014,0.5135937229839569,0.529110809165286,0.6629287565236599,0.4873285639901594,0.4893814521122671,0.4212784932214236,0.5190679890190044,0.45892198104589804,0.446770973584603,0.5422496923427405,0.4699838791589508,0.5128332900820453,0.36410195188248484,0.5471235391194548,0.5068843477376174,0.4779519552343666,0.5434552386854943,0.5074213207400103,0.49740840885543636,0.47558050321476947,0.3869838993569211,0.5343999676718921,0.4197436323459401,0.49975579679438425,0.4917546889360349,0.5387161135795895,0.4827232158612315,0.4412673589538114,0.424616118142214,0.5864318262183429
37,0.6166946546100334,0.4165746143106231,0.6234811850375244,0.5646387657219955,0.5394939343473671,0.5550889579803728,0.489201572201454,0.5253077063766735,0.36636701745866984,0.5441651084413618,0.5470970564884391,0.5416353945093232,0.48214135895754684,0.4711590363303095,0.6264686429261135,0.45555834806644613,0.5623428400431283,0.445551701342407,0.5325867355004205,0.5316906691899747,0.4754931949746471,0.5201139494440143,0.4573750640009465,0.5487504028737452,0.5079230725864785,0.5066590760198205,0.4984595957549855,0.48660045471790897,0.5090131180379409,0.5068425006842968,0.44338514787122363,0.5441388287013651
38,0.48835900414992944,0.4157888896990065,0.4888889568069806,0.5151815530766451,0.469348065541187,0.4469386945722109,0.43363071136953285,0.4467950753543444,0.5393423798709319,0.5078724229125278,0.475932970550437,0.42950494447981813,0.3622991195241575,0.47678342145131786,0.4472482182112684,0.4646896177520532,0.49150239669775553,0.40583021400161895,0.6113887530442688,0.5364125286525072,0.5937867620804682,0.5153901846015947,0.5018865253502138,0.5542330436605472,0.5068125003768098,0.43522106963147095,0.5670369052096014,0.4381759587921023,0.5532381003767661,0.5402209434497197,0.5905415669141987,0.5675853536083767
39,0.46166649057867204,0.543527424759802,0.5082253220515521,0.5223877268455814,0.5109682821037306,0.4737417407653492,0.5494172430515207,0.5222935425887137,0.4390521555750684,0.5157873084768171,0.52861543012576,0.4951886399676039,0.5112794144119787,0.5506265305764277,0.5644117174326448,0.5207206419465318,0.5954812587772652,0.5186495795214443,0.5264348957078591,0.5184730559621631,0.5358441725999599,0.5074623875774299,0.5309631499358785,0.45777498486348844,0.4846565128453308,0.5555905899690675,0.6036137054460449,0.5193433387903302,0.5386173126767309,0.48262971195070836,0.5659494379774452,0.5138045009819661
40,0.5817268892963411,0.4065040466109288,0.5257080836615007,0.5273118968263099,0.4726324068598912,0.4478541915576115,0.47913542682466487,0.6031283737749291,0.4655185442712364,0.5003252080670691,0.471871121196374,0.6206990829891685,0.5436672095915867,0.5591150687697803,0.4767066073549072,0.4029984074900713,0.39290913218737106,0.5194200939906344,0.41137889649944437,0.6475200982107445,0.4754663894306747,0.43742802597119074,0.4721310873598373,0.4947935976855164,0.5246463393388725,0.4926949903021471,0.5250852799079008,0.41727446697800846,0.5302047043528969,0.5684411929070079,0.510242375651132,0.4962297478342097
41,0.443196445463536,0.5217803540124061,0.47101342291041315,0.48605001535714853,0.4799425854437138,0.4602912029572986,0.5425421534678857,0.33204052613492474,0.5011524595223856,0.4587253750684715,0.4972200512787902,0.42597217523134057,0.5110829937414845,0.39110615087234585,0.4907560839285531,0.49972041084368657,0.48306585023772197,0.446782586432543,0.5552828816100467,0.5888643595931096,0.4483705829066037,0.4827161334829522,0.3905988789813952,0.614509658416935,0.48433411138301535,0.42525510054557814,0.5556408645129147,0.47868446244575746,0.4688474558205875,0.4871081805067436,0.6321263870840694,0.4207021506915023
42,0.5507613231997163,0.4911626525766901,0.41398199752989157,0.49353856262157786,0.3554205874376627,0.47221239863509595,0.4642137465508764,0.5045952464670008,0.4014164955914763,0.49250266555037675,0.4381829559274081,0.45032056041745794,0.44146048773528246,0.4761094202262338,0.49433048941120394,0.4581154329324947,0.5137716812198146,0.4597887925722929,0.4896513030992529,0.47769740526557797,0.5138700592415313,0.5073453071550041,0.47443738159159904,0.5463234696259529,0.5358962634568896,0.5026177129072493,0.4802107186196773,0.46855985676632317,0.45702078126260753,0.5348469551451387,0.4616191468772867,0.4981178783709952
43,0.4398915258050791,0.526678966473167,0.4114883052437144,0.5156253240024374,0.46355498718641924,0.46051233310804013,0.37619539294992455,0.5403423144250854,0.49478957303536575,0.46946319273141807,0.5237931323767218,0.4250810299263821,0.5390086692336047,0.5222463632577089,0.49106671889113584,0.44532817941868896,0.5789494072293875,0.45337944219762133,0.46637909090768304,0.3638486284207936,0.4425975353330436,0.5517788719491761,0.4409486973701419,0.43139920482691496,0.5308827760979882,0.5607231822500134,0.5362897729649958,0.4910587496812405,0.4890470141260126,0.5220996143878243,0.5326362337932044,0.700757133001354
44,0.4149702930730832,0.5248331384625541,0.4407733028315924,0.4970542717268029,0.4899871641193131,0.4844498430325436,0.5078681850115268,0.4622083087045982,0.5369853422145628,0.5203625100782019,0.5532734234321786,0.473648982533251,0.47906352068377683,0.44565277835715933,0.5433564356243844,0.5551602988405906,0.5271877047457767,0.49496385141933186,0.6130316270300283,0.5400897823341612,0.5211688532735997,0.5027541643528703,0.5262111030525676,0.43565596287686925,0.43433459605285896,0.4841646021404119,0.5344380422721483,0.5994211985801348,0.4953664967456964,0.4636897827114118,0.49409117183848766,0.49249286191536185
45,0.5626215075513862,0.477852854747641,0.43639992546533135,0.4411210853500147,0.5229950412304303,0.4765887099184292,0.5601910136120857,0.42082364119839344,0.4257616240537725,0.5219144428885774,0.5010937776118708,0.5521866567399882,0.5496152107262301,0.3226713949765835,0.45377042136357454,0.40788177867419767,0.4285540964996627,0.5177927641498559,0.4491730439884974,0.42110482772354296,0.5414440386323145,0.5330388482256516,0.4925639448883258,0.5189179931256206,0.5366081587872468,0.5491532912349213,0.4789863703659307,0.46939571975637995,0.5105756373206174,0.44559313937106537,0.5082987736501454,0.5254317717771293
46,0.5569571234745271,0.4950268124637419,0.5808208497996572,0.5197849269745964,0.5471129130291936,0.4731488532152533,0.5248989522218745,0.4982362881117722,0.5602088451447458,0.4802004535810895,0.5003952583659456,0.45599462929410134,0.620273751265879,0.5056889292694778,0.5249186008544486,0.5103280601862851,0.42081923894329115,0.4822192624950669,0.5204297123124525,0.4587142976695954,0.568408929636663,0.5344240143845865,0.4506477183085006,0.4991141773080749,0.4414360702927863,0.48713788547202436,0.624219130821567,0.4360109426928197,0.49871710978357847,0.5288479106340536,0.5945286995066673,0.46778874664181885
47,0.5216733902052284,0.4695885017054313,0.5168594501947197,0.5369979634890094,0.5145943560277729,0.41725814221258284,0.45417874850096696,0.605769472814398,0.48998684027321837,0.5808001979441763,0.4285594003018234,0.4958623889147558,0.5226427631695246,0.48555621477589955,0.5482153442498439,0.3743077796812378,0.5342280356345556,0.43170713701970975,0.5258244283552075,0.5677988776308159,0.5202893200190842,0.5298216146446375,0.3796237581176227,0.5010742430684054,0.5453865116709214,0.46458768967123537,0.5001775753295525,0.4553885370448861,0.5492132082209733,0.40712244508851436,0.5244158241558595,0.5383973629376444
48,0.4838731403320993,0.5388927746177516,0.5205168155084084,0.5686246265182655,0.5554060601455684,0.49169484034949346,0.4487157367547042,0.4724392419039295,0.5223066814122657,0.45594899072960826,0.46963119364848793,0.49102517025856135,0.4958448011182729,0.5161581093454926,0.42710159967203,0.5543093929716805,0.4739054620200716,0.5234564700382563,0.377887374396922,0.5586382491776187,0.5284858668718128,0.6153365723928544,0.5207129783172423,0.5196967118293649,0.5319254161067178,0.5358042066340495,0.49899265820186,0.4746784002729666,0.43888537065744593,0.39293578229401993,0.567384275332175,0.5064284554641081
49,0.5652639325024967,0.5131062667940418,0.4219044476619042,0.5545144976107289,0.5188363931026065,0.570358226411144,0.5039839875927679,0.5748419841870884,0.6435585275989995,0.544792199389323,0.49596951198663836,0.41806037775641913,0.5334918276583173,0.4692159001101563,0.44414933477452334,0.43706803776623065,0.5143968911440622,0.49343770217350297,0.509451688237712,0.3821516098545939,0.3777536466187305,0.489549500110302,0.49271035478278113,0.4837756195200745,0.5612647859824724,0.5065810051492738,0.4928404591752301,0.48305245359308696,0.509602818318886,0.4242228843007629,0.48620189919653195,0.5384604266343828
50,0.5171404947141762,0.5215590943497412,0.5674356986894007,0.4640694044918896,0.502866917105037,0.48537238111886055,0.44508851597790655,0.4360297226590339,0.531619426347584,0.5355535262263018,0.49993744544103164,0.5097798059428149,0.41251039358219727,0.5100112748664356,0.48974667106795944,0.46192048047109724,0.3879436010525247,0.43928808623625204,0.4634146418285964,0.4520081287505573,0.48624187771676314,0.5005928340325226,0.5904847367403911,0.49640292759752336,0.5357499836481097,0.5497414405602603,0.478256314860512,0.470832510775472,0.47963789195744994,0.5120393369298603,0.4985089822338858,0.4957336178598106
51,0.46803302642114625,0.45083206553647415,0.5325385179018566,0.5304068911541691,0.44920690010017,0.522281830274747,0.5168380841125555,0.4129028305465656,0.4600598551892535,0.4379027736132489,0.5000997780588211,0.46181935412241654,0.5142950708150764,0.488639800958215,0.5651515552866428,0.5408831328116119,0.5101877204545899,0.4736515077505136,0.5062151090910586,0.4794995032898396,0.44945637791227877,0.4727284766424782,0.4661313006284133,0.49819205233931996,0.4220940349468736,0.5250128119746167,0.49380971552340414,0.5154559979385145,0.46677664455063034,0.5462186694752329,0.44826941478182,0.5834205569005138
52,0.5550463999663687,0.47839083589858483,0.44541315526444875,0.5650318623197584,0.5823180898652307,0.5076071256016107,0.532539992888569,0.3992113949574286,0.4312694747264336,0.45621246522320374,0.47370742341916877,0.547456903360408,0.4069881907942394,0.4894280195008642,0.5175071229199382,0.4344737269893163,0.5138794018378865,0.46532831620367654,0.46603171069007066,0.40349057775258895,0.5218979500499323,0.510141241191696,0.4508014335885587,0.599438821705555,0.4187143600186603,0.4948979772591855,0.4897631756673446,0.5712432530110919,0.3940114353769399,0.5570178686268156,0.45549734889672144,0.4758314911760538
53,0.4538556638879781,0.49059002817606195,0.4590996791178631,0.4539994037472504,0.5044668405513075,0.40498475439544246,0.5173850137365191,0.44068739843429133,0.5451534588062238,0.5183808580405771,0.5382556505045714,0.5077845029083689,0.42861035874641185,0.5096160378293214,0.49364501247430564,0.4707249559561592,0.5484462035643701,0.4003015942387147,0.4485485631202636,0.511803874596428,0.47645431397068677,0.48075359653815325,0.5496594233011196,0.5385134925261074,0.4477253129688325,0.43814553361339115,0.5129106652450781,0.4913711215485205,0.48189828336436236,0.5437768622787127,0.4996228381816438,0.5307388008759736
54,0.505206694972749,0.5255813990502695,0.49740450211139425,0.49858516997580743,0.5006459976480093,0.49046890157512846,0.46986316336725126,0.3913312485636179,0.5114333815850365,0.5224261245085958,0.4930485989924177,0.5263468815404573,0.5243509714604508,0.48415664383154194,0.5310537307996649,0.5551603857297884,0.4515266749905824,0.551490786910853,0.5184021001596425,0.5191202694163134,0.5140806194394031,0.6243898115322313,0.4878509483280118,0.6226227721181209,0.533566932828993,0.5488067364536166,0.5185024210438753,0.4516801986879059,0.4674041731366939,0.5548567037438698,0.4143219918227012,0.507157995314681
55,0.46107688973842015,0.49192987123448645,0.459278146379163,0.5356026558219188,0.4684176351927048,0.4733710424795345,0.5092645030334075,0.5022168889577441,0.5664789475239478,0.5972346181460748,0.4826355678151235,0.5253019216359869,0.6135448030991467,0.4767493085830033,0.4993987091323394,0.4582169812466483,0.4878451853470497,0.43789589238468807,0.48305846901442956,0.4672661623888731,0.5215886708400462,0.488510555500356,0.5266250395326525,0.4865608157197686,0.49516418412233754,0.5413348142446385,0.4313188561972975,0.513864274843513,0.47896092327409334,0.5190578782644467,0.5498577578849387,0.5115890218657597
56,0.506146154747299,0.5451228451404655,0.42014360474353585,0.5816343508175644,0.487344469501951,0.5302491352996116,0.5196747867978151,0.521101676462858,0.5593154923292065,0.5712456171103281,0.4489422503406758,0.409500319361392,0.4428163103013272,0.39418975449444194,0.5618754881294133,0.6318867707535489,0.5177029103286597,0.5044416248894606,0.533603761148093,0.5172823714177373,0.6133561336890504,0.5691148974581767,0.5045708349833806,0.5264944301773535,0.5111993792097974,0.4585342660188495,0.49295098601908555,0.4437160299165145,0.5965331832927587,0.4080632350958704,0.5429091308222262,0.5109438807676573
57,0.48414033270745843,0.4653195684563383,0.5051318329687171,0.49530664928344004,0.4836695185589076,0.5830435864719541,0.5768626165525971,0.46734799009774003,0.44227407600466906,0.44759162423991716,0.5072316575057906,0.6111876673342698,0.4794550650098686,0.5390515880434964,0.46232196206484516,0.5505979810532796,0.5081072961118626,0.5163375128282587,0.47537228534490905,0.497469942402403,0.468223211409384,0.42321527673690423,0.5082339693954406,0.5200800559252619,0.4411887052544379,0.47318087239477497,0.5907742652760187,0.5277446222808948,0.43119882121992537,0.49395767751132985,0.5021466349049138,0.5402859792796371
58,0.5430176804676659,0.5407302616120251,0.5147627635823666,0.5672870859179513,0.5358771683708774,0.5403782842194119,0.6040100338373978,0.4910142037550983,0.4210466904029697,0.553694327317836,0.6047734278691956,0.5634478270517296,0.5064528163917245,0.5464436826331893,0.4966731700822895,0.5658373914007058,0.44406290743114546,0.510524334235564,0.4408423596570955,0.5873855521073822,0.44808723885602797,0.5302863537456075,0.5737905349833496,0.47991336872341356,0.5024576712599402,0.49382414589622897,0.5032305170297177,0.5091333663796149,0.42086432934989326,0.4456188374914192,0.3764888741241242,0.46486747406394757
59,0.49199781375823837,0.6057251081528483,0.4855924229475857,0.4544259472241409,0.48863712986982605,0.480747817250551,0.46880693003655766,0.4166851377614179,0.48414271353528643,0.4771967099442083,0.5439769952551115,0.5163158052221897,0.5043161185225051,0.5277673965598219,0.49709358406354076,0.48657348214133617,0.5287202019786813,0.5888837122171587,0.5100311852952821,0.5113435923888101,0.436716747480819,0.5239480298453053,0.4893315265799332,0.5550655945447811,0.5373115021799812,0.5137187838522292,0.3934170546443721,0.5200054243464679,0.48104192051673916,0.4562894692145009,0.5061490707372881,0.4599559037833608
60,0.47722932741458923,0.5095023174024984,0.4604367985089134,0.5733197005280022,0.39385609791182424,0.3993382044658657,0.4792219622365508,0.4904958664920326,0.5023206172394731,0.4957025817028542,0.4392368454582684,0.48632383621139297,0.4331454947622068,0.5119636936705576,0.4001133584689294,0.46774833622179823,0.43878957862537804,0.45721244551664453,0.45810788983719025,0.5437455725162474,0.5205694847439072,0.4439098788788709,0.49378931822552596,0.5028598885839659,0.5308836280149033,0.4435165058248162,0.4485370976441503,0.5050609360613366,0.4363261986161956,0.5150020086464109,0.45286485048432795,0.42922132949271097
61,0.47351584136932307,0.5483661878802836,0.5691482532427604,0.49510509744633496,0.5183000663025781,0.4644100237347469,0.3965790317922197,0.522754230642891,0.4977490901192794,0.5485669578075538,0.57344014611508,0.5247624845256332,0.4953464727618189,0.5339026321233427,0.42911824143715405,0.6147754141714123,0.5158681765289762,0.5187061781951068,0.5816510440718211,0.4037390754809615,0.5419674746749548,0.507867388200955,0.4570334622625152,0.5422592592933864,0.5295317158781522,0.5481207194016149,0.4137070643793769,0.4914975868923783,0.5415933493887628,0.5412733138663756,0.5353611986040094,0.5062427776590511
62,0.4941298503324511,0.5826277089523175,0.4404187028095634,0.4416012822893006,0.5020733181416052,0.3832796650059894,0.6676909092355527,0.48045206231467824,0.5496564181832512,0.4353088318250302,0.5692142504448952,0.5349829807914277,0.5562532050041287,0.47428435808755237,0.45167923474148675,0.5854559912868581,0.6044008995873397,0.5739149401278437,0.4501076898928971,0.5131903303984534,0.3915420549800591,0.49934809602342095,0.44866035934414134,0.39927615471116795,0.4314393674913848,0.561524090760217,0.4975564334443098,0.520611684195151,0.4926656858621761,0.5476337985464722,0.500862974558779,0.6225909773991406
63,0.511988841965136,0.5597144754151269,0.4196084255923339,0.4475899446044112,0.45391097691412474,0.5761056922916903,0.568221929336971,0.5466399991120741,0.43429100983760116,0.41451743752104975,0.45622936448915113,0.4963572036150352,0.38296710876290135,0.48028032284898947,0.48815309565419757,0.51475484761784,0.4697375532673568,0.5452278185010476,0.53837689824173,0.39566829295516637,0.5247533496150736,0.6021318827524824,0.48983061611974565,0.4785475673777065,0.5093445227325206,0.5194312606890406,0.369050499122233,0.4086659300598792,0.5264914742866212,0.5235397825245689,0.5376451769618938,0.45310724540029307
64,0.42407818736180036,0.5838024320740572,0.4335677193572697,0.5329334939235703,0.5086028685362521,0.5380063041520895,0.36978820130489176,0.5234396132165989,0.49273414956284195,0.4912334080447319,0.48883248713717725,0.4439222267558638,0.5327925578480838,0.55068131891788,0.5456369862664577,0.52011365216478,0.4792253963760827,0.5366076002239094,0.48509614320806477,0.3545418178144024,0.5438213757488304,0.5137352865690461,0.5108878258116111,0.5256451428720902,0.5063689827337152,0.5669663492698068,0.436526912968944,0.45364682281300867,0.46800692849881304,0.37628335472103014,0.5416430997307012,0.5803777330167849
65,0.5109109025028565,0.45503135832072095,0.48821194466586804,0.5118527561969595,0.5369720129628124,0.4999419053250918,0.5132112326416324,0.4993219043876577,0.47231309292297097,0.44452187873907184,0.4417463468865937,0.5299020640795509,0.3766777880859888,0.5116997582876159,0.498835442725466,0.4461937193604252,0.45609552979202167,0.49862558118656664,0.5506233108190168,0.533333451761097,0.5021151723112625,0.5039799200892457,0.4527850325135649,0.5663796444745968,0.5155554791751865,0.4708319705006867,0.4579304330851295,0.5787647245873557,0.40426588777080347,0.5413381878265741,0.5060491069455676,0.5116565192907715
66,0.49303914645999597,0.6073773562356509,0.4320643796339415,0.43533710001428805,0.42815742059054196,0.5670347475651303,0.40525645795110266,0.5007559835336498,0.5230226586820935,0.5312605819750148,0.5065859323132037,0.5344148316813965,0.4090471883867586,0.4840853874635064,0.5056847298278763,0.5329563419207078,0.4950934400820446,0.5163956817888824,0.46389168641858963,0.4336059603452954,0.3764314606937729,0.5020626340212876,0.5302888651903865,0.5254364152456666,0.507383925491211,0.5046994840941692,0.5272102928536991,0.4944785722920887,0.5242710966103994,0.5454709781550089,0.5661936784190921,0.4525486537763949
67,0.5523374276196329,0.48187825013847907,0.4880890888773448,0.5020763101036511,0.4852938117456976,0.5859490912297485,0.43083823253707193,0.4203536272615739,0.49452334355455824,0.5426895792488865,0.45444461542254033,0.47534607454880556,0.476989279518637,0.4610412309139674,0.5110775460506919,0.5106175807005116,0.4554190658889357,0.6084131952848617,0.5242214908320032,0.47291927245681786,0.4800991633688813,0.495492218123796,0.5723238265117141,0.4521031812070353,0.5424836828262621,0.47188744790070825,0.49301960541709117,0.47474215833419375,0.4312347968853962,0.447346747862235,0.48441748081429103,0.5173995743567451
68,0.46406742796345746,0.49660336222252427,0.45989557448124246,0.4574209582200231,0.5239231913200206,0.5052600651844339,0.42051015129328595,0.5486633511819512,0.5128626167530672,0.5577346010594683,0.3990149713464598,0.5649678835385681,0.4458570382424525,0.6114818387436045,0.5045000367094256,0.4953161440897213,0.4421781358829531,0.41851359815436673,0.5976906054681576,0.47439215730996676,0.4683649019039377,0.45898190478962153,0.5320362932615923,0.4558630044727214,0.4824884462618563,0.5699346091260051,0.4194795600930944,0.5164454685624092,0.6520959923096217,0.500596168974369,0.4962518196134322,0.523039522418201
69,0.46749104478892306,0.453517833750674,0.5661931831513908,0.490821912275292,0.5557370595805743,0.5299389694012431,0.5739679801268123,0.5969013754299382,0.5310362229730677,0.57351341516745,0.46586403278687694,0.5306202053910378,0.5423944772992054,0.5077122746384667,0.439337456424553,0.5276970572544946,0.49478816981001195,0.5121532422366444,0.5494715467466279,0.5845766326012051,0.5376748318173953,0.467684713778343,0.46354384040722985,0.543548863384878,0.6351122960554607,0.5439385610079471,0.4688085098730051,0.4816145112030792,0.5082464128290565,0.5851305310392796,0.5129919306651414,0.5172978925775504
70,0.45894653658511575,0.4476538486815626,0.5072872601248051,0.4556085504103341,0.5722465625469106,0.428828719162736,0.5156902347160561,0.48077743422418107,0.5603281011405957,0.45998577947409514,0.6015840951039032,0.3575154342294634,0.5816358273698842,0.5167204968401573,0.5677666931309258,0.5408011095601963,0.48697816747799855,0.420024857251408,0.5900776190318462,0.4530146353568058,0.6010225669909716,0.5580032940220865,0.5421072729562355,0.5326633042697075,0.5222293208933549,0.4656636473457302,0.5047569691972326,0.5540193967147228,0.4903338984082221,0.4749614213116137,0.44729542107567677,0.5378066512373381
71,0.3917272514106108,0.5687572480823386,0.6375141848874245,0.4258708524202163,0.4528000555659443,0.4643853660343834,0.5302466345745741,0.5283847000199474,0.4969702652196972,0.5040464219109387,0.5102323719538973,0.5076084754174829,0.49624379665507795,0.41919616589497555,0.4306466516703379,0.44704767704658693,0.548246101515223,0.45532958194734896,0.5021980534990923,0.5151553073377789,0.5525955735772219,0.4493080024715186,0.4079291310647561,0.4561811362859651,0.4641498167576289,0.3815032552920153,0.4796523343618989,0.5258365946419157,0.5645241488549855,0.4185064235897614,0.5336768825663923,0.543962093194419
72,0.521543630756966,0.5078318096293387,0.4558705180967811,0.5369988441395919,0.5610537558036982,0.5394534193686228,0.5206411580563253,0.4735530523096451,0.5881532588951484,0.5321396424000439,0.4982632472808612,0.37393519184756036,0.4996838752738381,0.3960830180936158,0.531734763712378,0.4871637681410524,0.5773511053703847,0.40426109377984115,0.43861265319470855,0.5174449381669847,0.53148008647289,0.5625914486530141,0.4705150197340514,0.513492698880299,0.5390980506330976,0.49333993060449904,0.4531933056321506,0.5960422132584089,0.5391648925215005,0.5725405183082424,0.5287064726708803,0.5448050890435441
73,0.4695378374610669,0.3973310520473701,0.5321617919657623,0.4892415146855117,0.41656637918957584,0.5587964023971771,0.396539353012134,0.5219329666982135,0.45179251586342245,0.5280728097059597,0.5381179667602878,0.37726328359181877,0.5464007341915522,0.5078468867555477,0.41943996014355844,0.5141474149870231,0.4661548211872568,0.46880899219320993,0.5945104228364899,0.533601778413263,0.4909790925239669,0.424597519152432,0.5176265502387417,0.5280952137361102,0.45815865247001997,0.5023070268047978,0.4430265003748078,0.5159010828627664,0.4777893109698913,0.49001480187388086,0.5250119134457225,0.5626100368675327
74,0.5130815023715878,0.4869766607529159,0.6260166242258072,0.4843572031189877,0.48541133197684305,0.46281871191237983,0.5417442463467634,0.4830542816085937,0.5204994165410122,0.39031856239329654,0.5058539275549757,0.4616187754398458,0.4924549150010959,0.48695348925384324,0.48182264620975374,0.6039400850159578,0.5340895070447368,0.44987830030666764,0.5750028631651654,0.561816454284073,0.4952263277350257,0.480751584467915,0.43927087741278376,0.4657137997893712,0.4927527551486371,0.42548940651756917,0.5411140160427227,0.4962406168225345,0.4772964834743972,0.48905436958285536,0.5721796626902584,0.5173301646229367
75,0.5526003250306846,0.46056136272348247,0.42244794746244346,0.5232311022433648,0.5169279976660197,0.4897587779216881,0.5339482826110072,0.5697333778085152,0.5387213704311669,0.4920180623219548,0.5074316944134311,0.566794355159751,0.4930003406150723,0.4564414212174338,0.489225275205867,0.4653460808447806,0.4325275241392712,0.5219295358066111,0.552411652240155,0.5875984165863777,0.520025254774276,0.5201943069226421,0.5624860431026965,0.6093730830789439,0.5215794048889413,0.45366216448861707,0.45832872843965744,0.3940375357701757,0.5629854287016726,0.4306483030500303,0.46356648529255734,0.4996127274269709
76,0.48081608755115157,0.4680336596168119,0.48133508423743,0.5914084596725725,0.46185519330907504,0.5848787286686484,0.5368354936478783,0.47383993263713897,0.5147117385850039,0.4784746630799703,0.48645447922838214,0.5129270708473359,0.4732192763910567,0.41935850971862165,0.5505246809178163,0.4310353516752152,0.5101082906258207,0.5003078226777233,0.4215415755438738,0.49546209177821393,0.5039377198479357,0.48471000633245315,0.5391487741537477,0.5084391303413393,0.4902693608854125,0.4980522276653168,0.5722213683310573,0.4686602263533868,0.5329336988387808,0.4711342999750125,0.5442923993782212,0.5070844798384079
77,0.45687988236740285,0.545134979955598,0.4414263606775163,0.4957673649745701,0.5077452102212868,0.489950914345494,0.5048575916465031,0.5970611673724094,0.4711623862491983,0.5237362000935227,0.5331204028084355,0.5068845670352353,0.5040272521630832,0.4245767758815174,0.3990974800767238,0.4957524136215599,0.4935567627544894,0.5084295921800188,0.5795458583056284,0.5011006564431499,0.4533586255845838,0.5301416908432325,0.4586350946351203,0.4664700076891264,0.5687849072837463,0.5050508046016238,0.4550184389724997,0.48179239257844564,0.3739319064345671,0.5924230389871855,0.5309838886600533,0.5110538029982213
78,0.5087551862464093,0.5171063072912349,0.5434827112804369,0.46693168325283335,0.5156441901280704,0.5243338195210322,0.4861170973980567,0.5200988661162138,0.5070352324728644,0.5078550120638687,0.5891275066499343,0.5705754932362949,0.5038397078161317,0.536199008093028,0.47792465105683735,0.5380504038652523,0.5160254401018032,0.5257274304451598,0.4853598163420364,0.5580454773258692,0.45274042272283643,0.47100082582727454,0.544244671600807,0.4324779189586774,0.5724387447818906,0.4897355300963907,0.4271314465801084,0.5350161694262505,0.4505233465735708,0.43019302548996013,0.49823988138076164,0.5505401646106048
79,0.5715713232886288,0.5843441466773714,0.47426155553884547,0.4773197010756569,0.4432866488886262,0.5288486659601547,0.5392271635548243,0.48639690999010404,0.4967977986017607,0.5182111537228689,0.5080051049496754,0.5254139385964596,0.46811628168409897,0.4965185309825583,0.4949034051654349,0.40842245493122237,0.5206717393747512,0.4954474311647154,0.5375945960375743,0.5698396293637062,0.41930658067605286,0.5502733276110333,0.45046160018854536,0.48743258023194885,0.4965365812159196,0.5077520923085985,0.4734863655798837,0.43381971014374027,0.500060114864748,0.6203259810991169,0.6202343465338506,0.3844927828111989
80,0.531163353185438,0.41830169792498817,0.4150994818503895,0.4705909031473471,0.5307921148239512,0.46629376926853927,0.4899665777794464,0.4834749950863292,0.42766588406020756,0.4911103979837654,0.5903425087333812,0.47547698977674563,0.4770497421867096,0.5723083630747022,0.44167506105107196,0.4811018273646998,0.5912833742192688,0.5037605441519117,0.476121350921726,0.4891244547280731,0.46820780321691596,0.4571419029028568,0.4281467798773669,0.533326615577311,0.4182976800536067,0.5391830305270752,0.5215309896522474,0.530655112327624,0.6233452340516077,0.5594064714444755,0.5924605727809709,0.45622150824995195
81,0.49109101894976925,0.5541769385017208,0.4240420667148564,0.3842674264858077,0.4623737900324276,0.58255522363183,0.5388314515271201,0.5396133282007542,0.4377263174175173,0.4433401199177786,0.5312707187122286,0.47985266520285724,0.551433960616195,0.44069154321305287,0.499050804192645,0.5108701837918089,0.45721830501192234,0.49445833589213795,0.4896106431834407,0.5074420495881339,0.4576069738743109,0.5200907520482274,0.5060371889037903,0.4625957449322624,0.4994159691674883,0.4279875186566411,0.49794514751544033,0.6112619047282276,0.4393543811184863,0.5314745913562876,0.463377570320334,0.4494440181799555
82,0.48032743571057207,0.527540274695545,0.5282565264998711,0.5204712478793977,0.46423016111055926,0.46327433615176394,0.5559640390454196,0.4897070525189406,0.519799711512388,0.4739759334500015,0.536808370899166,0.49303066988987926,0.5069198740714627,0.4388166763092073,0.44728970187704076,0.5656412400039598,0.4789050913315497,0.4789927236472047,0.48416782494162935,0.5815072078399687,0.5684600714760942,0.4675739232115286,0.44051213209028023,0.5446805473557434,0.44147127824133336,0.49667090916594764,0.5543299576601491,0.5217044914927874,0.42741100559548295,0.49217184933498453,0.4481409546733539,0.5376956598186966
83,0.5335637257049831,0.5923610958218818,0.4166071679493999,0.5137306875862641,0.5372466178833676,0.5004074482172377,0.4296645989244302,0.4206357856951095,0.5080834435340091,0.4633979158000561,0.5113163210102085,0.5291483616264754,0.4353383960519951,0.6197755260888357,0.5311437339915219,0.46905420036678724,0.5996135906923789,0.4787657730003167,0.591936588429496,0.5272833922338033,0.513902810986349,0.4680537294201593,0.5234341589000159,0.43124733922023006,0.5072003831198219,0.578231259592326,0.4915923716949441,0.46722960652508544,0.5291875970092063,0.507692730589353,0.44667185830255424,0.47067939111054524
84,0.4980999930830212,0.49716298505100576,0.5293795532609156,0.5118099255335734,0.42108272177594364,0.49412937804324253,0.46624847579775464,0.4210398929411885,0.4864867361276992,0.49366705856137,0.5352391157376305,0.4334723822145389,0.6016942892481524,0.4447197047578737,0.4733907321817484,0.5356831971226096,0.566281348267909,0.5147427327959294,0.4933980955360162,0.4728052342549549,0.5594738356415585,0.4938847045345685,0.40739207942144473,0.4244247166614329,0.4141445315119144,0.5522847100672617,0.47755626852249955,0.5091288337488842,0.5482587383492442,0.5339596043272731,0.5534822196579176,0.4582906072073161
85,0.4170528059831362,0.4904936439985632,0.4945191132460892,0.41729676175653263,0.477522126140784,0.46383885346625475,0.47029134176217874,0.5119916326841012,0.44141552024083935,0.428617921198406,0.4752784075224056,0.4639657687291048,0.47616082470676924,0.4239753613525765,0.59711415705886,0.574150636925695,0.5449520189629367,0.3279466805173523,0.5682806680399025,0.557734279766605,0.5551789914125602,0.43155220175661224,0.5193379828618966,0.49762971523968397,0.5535245656898831,0.5263891968285536,0.5283541754084465,0.5194875344494503,0.4667149630880954,0.5127464957270985,0.47746493885657054,0.4543358310367498
86,0.4864815512771428,0.4426824496161119,0.45151719186535416,0.5897815150376491,0.4503997459731385,0.4459019331172548,0.3982651037702287,0.5373311108919238,0.4907125459782729,0.4822910367888835,0.5162661451344274,0.4421379041018837,0.5415525634023883,0.4560334730517849,0.4424794348026255,0.5416509750291139,0.5520495655817182,0.43434720019640094,0.5307757872326759,0.49016014987610523,0.4889220527656774,0.4287851884800797,0.4966223204633204,0.6559719612413937,0.4888066125829167,0.4955313801142174,0.48007038722760564,0.5034360098382431,0.43146723955219285,0.5659216026878363,0.5547724854449337,0.4261102511182241
87,0.5132989550366251,0.5913808584066007,0.43413833465192897,0.5283134942105792,0.5990099182140258,0.5596472205188117,0.5153494417448734,0.5468286227109228,0.5547920415647745,0.45688918564728115,0.45151900933899186,0.5153029038517857,0.5547215185762405,0.4355493620385193,0.5420846380928426,0.4969722754192066,0.5230511373365864,0.5459759642156596,0.5011086544362071,0.4490395489564326,0.33630656163782374,0.47105511883055223,0.43157528566244185,0.5462445174342246,0.463513423558633,0.5265705568348268,0.5610793703181688,0.49687191519728985,0.4113606883559085,0.5384849206131291,0.5099561340384239,0.540179436793257
88,0.44000001085030793,0.4556180231727593,0.37294095935020266,0.5102126503098261,0.5146407353273872,0.46220774384230057,0.5073398228688266,0.5781224887393941,0.5331077440381489,0.5496500655954032,0.436087698662859,0.5616629999518499,0.5722449742496605,0.5480348522041051,0.4946780823541874,0.5514872620563841,0.5202002173908707,0.5402940767513204,0.5405782458156152,0.44946037693639984,0.4654075175539276,0.45416173004551724,0.5366386705846673,0.4648529457615635,0.4642674775484582,0.5169317523377837,0.5122074939732816,0.5138008718840857,0.501259221871696,0.49948925049000525,0.5047530158815801,0.484383728407157
89,0.35595741647858903,0.502808111214379,0.5881205359097831,0.46074279483607367,0.4390015631737314,0.49258971604069957,0.5146345881842211,0.4749172511951246,0.5059679610145433,0.49272679413620296,0.5814751401021221,0.40131531472551724,0.5184058457415982,0.4445041535530137,0.5041733929535598,0.47597271179714035,0.5003917854805983,0.4596094989807066,0.529649847699268,0.5126767088278062,0.5245839774273843,0.5015899821756682,0.44115616183580314,0.4840265610292339,0.4983424529093746,0.5299235894330384,0.5103097077095458,0.5092731333313972,0.5054349448904559,0.424150008479919,0.5769629184794175,0.44514895015737266
90,0.5436382371594733,0.4747187978933776,0.5273379567449262,0.48558334044410795,0.49612800695542386,0.5107603159497138,0.46302267845931194,0.4728123721355092,0.5502839322467405,0.46156894576244073,0.5525577966849716,0.42420175973001517,0.49349720897081745,0.5416697804427921,0.4898137817329029,0.4530127626771168,0.48536437447061737,0.500717248183374,0.5542431654131872,0.468895440842509,0.49482815790378387,0.5714951890688998,0.6104178582554808,0.47012951700501,0.49513476166492665,0.4893891428487294,0.5047570868141561,0.5593459579440199,0.4368198168809091,0.5422882222209693,0.5683435211354262,0.385067802016316
91,0.4672647630336964,0.5666281702290816,0.4991773234211207,0.5278229294394076,0.49657506630008913,0.4795255875796058,0.5449283253812717,0.5877127992120849,0.4176587556075321,0.4757744350537134,0.4962856988870107,0.5671155252318323,0.5314439793674698,0.4375980671825365,0.4831666514966906,0.5567109367241276,0.481786785728841,0.4765350160732729,0.4653932562944655,0.44478524612201936,0.4975602928751706,0.46238769001829017,0.44136685118026997,0.5268292691828081,0.524233280780748,0.43099891046742417,0.5201555360510408,0.48804109200558626,0.4509996458427068,0.4898641793823088,0.5439329306472659,0.6422090751690146
92,0.4377738115694207,0.40525328245640185,0.42363023703325514,0.5132390129119634,0.4570347314203842,0.5193399624001156,0.492301189599191,0.6035944360161484,0.49449773501330613,0.5268208068619222,0.5588381188103513,0.4672394014788059,0.4831440064279497,0.5316830561738433,0.4770614002546446,0.5112840238165448,0.5387778030245269,0.4869335929708158,0.5212407340878322,0.5657095346634612,0.39619836357462385,0.6001342507340645,0.4552548601111871,0.5030870155450042,0.42042691633919504,0.5534154031750564,0.4900499204507058,0.5309997340968559,0.4590186843938477,0.52504316342179,0.4323574842917716,0.5536151029057551
93,0.5076982270930144,0.44367087272159195,0.4325886543771878,0.5423142652194968,0.45637627069505393,0.4984392010224911,0.47208185874414715,0.4616787059380895,0.5809154803902291,0.442852460698044,0.4163082650858872,0.5631175632190248,0.4188122052458035,0.49070896535595937,0.4838204113742006,0.5768125483842989,0.5992939271303135,0.4258698659884157,0.4907643361843397,0.5524391694671899,0.4654824943952126,0.519802282373764,0.5434337445249315,0.5690345224727081,0.47462520284645393,0.5205449548205584,0.5595524207882631,0.5107074383136389,0.5175116135801678,0.47004706371443605,0.47650628909926496,0.5606277974221527
94,0.4545806830583455,0.4979338923095227,0.4907563946158309,0.4430615708961723,0.587066181141332,0.4644893584089765,0.506887199032735,0.5134447971764183,0.4337837286137513,0.5395442000316492,0.5738909332612377,0.5311738983845209,0.49087735218045553,0.45788680453472747,0.4810403445735019,0.4730176020127853,0.6204475609053572,0.5175258353963283,0.4439752691719205,0.526674828538558,0.547904230062803,0.6092135038640972,0.5353098095770521,0.561532645368574,0.5491105237435253,0.4341773517837828,0.5408279013254206,0.4929842260925714,0.5176911317129005,0.47123122496678943,0.4336723919546088,0.43653718025085936
95,0.5547757802873441,0.5983080684226346,0.48328880439879457,0.552423034374714,0.4546044920779625,0.5871898175109151,0.6168381502008623,0.5667481836734506,0.5205918262731644,0.5191445037251059,0.4985665002478536,0.446259530583651,0.5202208888333881,0.5162459747134017,0.6040003063918646,0.4510314884383445,0.4315871910044882,0.546621769888734,0.5257992836397277,0.41541724526028617,0.547940890312968,0.5275978577494959,0.45718060489476253,0.43252119217022006,0.5350165752197401,0.45931686866024696,0.5419080087470928,0.45964933315626366,0.49376670201510686,0.5229530240159939,0.4449886433073064,0.46338077269737027
96,0.5600148927773708,0.46170402919196624,0.4554780340740012,0.4607202096837321,0.4688459485404816,0.5414427453360322,0.5887160270812029,0.48796779091497716,0.5407047386360866,0.5140957589879463,0.5297814986040336,0.5025850034404131,0.5705910066229998,0.5167688334231648,0.5541895018125409,0.4908548199846646,0.5369880272181918,0.53860072789407,0.5315204705039108,0.5875988018834388,0.4716687383157536,0.3937557579590563,0.5104908080487106,0.5493520687690281,0.5162777513511786,0.49294928551660366,0.45681930680584604,0.43219457634786085,0.5071090373611356,0.5840542777420811,0.6005395513376084,0.501364738910374
97,0.45517046514628356,0.5258084776108175,0.5938026220420247,0.37922428962810917,0.4595376606141026,0.5239177501825323,0.4194148555839199,0.49020058967100216,0.5462542636844827,0.45493877943104594,0.5279742676150175,0.5656752049415619,0.5247955046888609,0.5098880055302598,0.46640970899505674,0.5442215051679683,0.5098948322066696,0.44613373107769133,0.44970446549147797,0.5839741623098477,0.5365437310244623,0.5707323859788501,0.5416861286722358,0.5076431043559999,0.4916334737079015,0.43571433470201754,0.43361242380355725,0.4410146484850346,0.5075157778358454,0.5033304565778681,0.3787293675641935,0.5586643165107247
98,0.5286614001864762,0.5436672700833964,0.4369934147086461,0.4597664218872866,0.3869822361488964,0.5264366535510949,0.5204667062493515,0.5187292986999062,0.43349201003109233,0.5630405903012842,0.5685604681733001,0.5300063688386721,0.46463310513774453,0.5185313120495202,0.46237479012144633,0.5175634449316219,0.4517793403247385,0.50123750441173,0.4663117135796985,0.44086973815760805,0.4640405454005531,0.45763407363910125,0.5042379166310363,0.5655157868390289,0.5443685349176735,0.4275087178089511,0.44902311879368206,0.5061614390658121,0.5156668989927331,0.493791343771219,0.45403207075460156,0.5128111528290213
99,0.4391116817558688,0.45536481760892056,0.5672019535844972,0.4404707878927374,0.4787335800409546,0.4911095288900573,0.48568693173827504,0.4645883280853851,0.4499581841470634,0.5046676397790898,0.49945014327014264,0.49435348383631644,0.49866152025109,0.5263749428439843,0.5431169630861203,0.4769856054826696,0.45483469676337956,0.49212719605363003,0.4340813546791598,0.44711866044346205,0.5322069191935659,0.4590240312165069,0.42852701864269005,0.4577548197918913,0.4341260823302583,0.491188025595431,0.47755361998803403,0.48005252647939534,0.5204775951356572,0.48188627754998536,0.4716932507509747,0.4689010392032101
100,0.5174737020204928,0.5179246176891692,0.5408171726489441,0.538142032516558,0.4833825274403525,0.5991564855260582,0.448264468483694,0.49048823119081236,0.510825966684615,0.5017442458513592,0.612378872097561,0.4992337273594435,0.5910571195305585,0.5778925453921053,0.5618758765070456,0.4848584678444636,0.5412199300017213,0.5380821165039904,0.5429240990181132,0.5215257269924647,0.6294888305705773,0.47329892430436465,0.4587718568637186,0.5290385150181669,0.45355710724893367,0.4252684323555782,0.42040263563447866,0.45061635106442177,0.6686053608005771,0.6146111568183685,0.48741912701808504,0.45849650059803443
101,0.5023714287708174,0.5351360469133746,0.4378695371650978,0.3861287318253256,0.3694282848921705,0.4838293981882912,0.46609011092655966,0.5998578415904205,0.5353492513899106,0.509613061047895,0.572349210396101,0.48669581773921594,0.5434685765770227,0.43902217971547,0.5315049977314655,0.5304061020460392,0.6184572587475181,0.5863154328139395,0.5338346815441419,0.5052721868478346,0.5765118511004829,0.493983443402324,0.507734410794814,0.4540849282136822,0.5253345296117118,0.5125123955283192,0.5518016655794908,0.5552968885038896,0.5710640992479535,0.4688784565776527,0.5134164126985656,0.32771112104552724
102,0.4247964544828604,0.5007198102181599,0.529998332563426,0.468343992670332,0.5121818417440549,0.564833210316345,0.4979232513996587,0.43112165855745344,0.41053708128769867,0.5143625943905619,0.5330346176237419,0.40133434354940967,0.4499479985149159,0.5228249596437277,0.5915026044741056,0.4321313256840128,0.5573882820205007,0.5425702921001391,0.4682968511781147,0.5315796388784882,0.6438637778325431,0.4185900892901412,0.5201256973159761,0.5873749534768904,0.5087612426593581,0.47142213248776554,0.589755030590237,0.4923985970124664,0.47511611682366994,0.4752743694404831,0.5784426190748637,0.4597634741427067
103,0.5564326693339928,0.5762154353001551,0.5382199040817142,0.5401079272046546,0.46570970263732603,0.4373921570952014,0.5449538675044101,0.506336038287542,0.5205062436708205,0.4442403177054127,0.4640370213673176,0.5673012905097307,0.5244313184279225,0.5969574694637476,0.5734236467388738,0.5124642606959772,0.3793385525909337,0.48737016507201536,0.5199442905013723,0.45539502229488443,0.48094298843854694,0.5033228974893466,0.6144405507858071,0.5593932448910247,0.5161317074851585,0.5292813526312565,0.5289960119645315,0.49609532452068233,0.5504329480642328,0.45988243737900575,0.5246949807172437,0.5112737939107695
104,0.4567096841900248,0.4912603894360291,0.5328685690256685,0.37732200866218746,0.5038667504286165,0.4523444369431167,0.4588403983986049,0.4061248842060796,0.47956267343382375,0.528253767410347,0.5007464938175208,0.46607629392931504,0.47088662795193625,0.5797959684968137,0.5439626726696841,0.5126762329696825,0.4752664072649435,0.6143344650432763,0.5541855937413194,0.43960490654014556,0.5118112817473083,0.5460906438682105,0.4129909622000127,0.5088302979062719,0.5172901222263189,0.5623663188925885,0.4850206830886498,0.5245078474926159,0.4970708856180786,0.5267963725248018,0.5285210542061725,0.4615228948432437
105,0.46747480185256535,0.6586271239128356,0.3981620829326623,0.5233871176610012,0.5222776537854485,0.39238624704575475,0.43496023566181485,0.5384577850686829,0.41166559543230663,0.592172400667472,0.5934014250448923,0.4950385467867081,0.5176064672044259,0.46830409491053565,0.48134018280889196,0.5366686173276932,0.5078703626769572,0.48625298742227546,0.5537315629703478,0.5347468518559179,0.48992855708832156,0.4641738117711405,0.45693447072136306,0.5023676255297567,0.5745871524099989,0.5500381410750993,0.5508024171342029,0.6207098338030708,0.5041854816823932,0.4938868206256785,0.3415634646921253,0.515938384702817
106,0.5471796384830669,0.48276279353586216,0.524698858823121,0.38820169182733133,0.46083549200977203,0.46813646808960235,0.4460246035528956,0.5013130012725519,0.5375360045502722,0.4505625351855118,0.41383281588907456,0.42701994593499326,0.5156268347342511,0.41957533505942746,0.47090626028890537,0.5381046372917846,0.514498735312043,0.5647452751881533,0.5067690753200694,0.6246264748446796,0.5979802292241414,0.4498328546864431,0.5981174357370931,0.46796588916037296,0.4817226615177859,0.4602099264394764,0.5523228952996364,0.5150184359129288,0.530296266726123,0.47642742695990453,0.5377218297353128,0.5802634358870049
107,1.2494680786872587,1.259148433287041,1.2829438900530274,1.3210073205061836,1.322043752845751,1.3488759153574181,1.3143013277628413,1.3208781189158671,1.2390045885378085,1.3471808489288668,1.1997817420977728,1.3492547727887925,1.2702532545400884,1.4470039555816319,1.317660024008856,1.2797799584190312,1.1970901952952067,1.299139224044619,1.3013271176855208,1.350601632512121,1.2869083116302784,1.2998559109128214,1.2738140703498282,1.279318117383746,1.3261299297447873,1.2662195625641324,1.2705820935596706,1.2586383535472747,1.365013939871238,1.355101297050398,1.3867679864511513,1.2975526009075449
108,1.2104038283849108,1.2635553994941824,1.3024668172884009,1.3103171249446124,1.298617829631929,1.3501644179938947,1.272299841229119,1.310096486217031,1.2724272730117148,1.3402598524591085,1.3756713586307956,1.3082071574508127,1.4461515916555925,1.2842408565412113,1.3113626223976633,1.3686565319997797,1.2619604003576903,1.32287720912383,1.2771713461772598,1.3262429276271956,1.315262187914232,1.358633241953911,1.2631965473512166,1.2268137662649976,1.2647057127849974,1.3473689985721882,1.3508388362839079,1.3521307099531614,1.2737873661780845,1.1745991397778885,1.316112402450129,1.348833044590818
109,1.232136836926871,1.2347650995663515,1.3512622702813002,1.2980482950633578,1.341045628957792,1.2155806079913254,1.3462699807911536,1.2679838084629753,1.362959706993404,1.3178791390900773,1.240019134855205,1.2761418980415382,1.287151328361424,1.2480092480191431,1.3168431081534586,1.282083870856724,1.3345920825044955,1.2243230215612195,1.4333958292232567,1.3472552578054762,1.2628298674293321,1.3010503612802973,1.2819286064366886,1.307941700901079,1.3410748964958215,1.2788188418093696,1.1832854653273577,1.3078287347248758,1.2585305447395791,1.2779404564983465,1.2903328703435628,1.3021089189155426
110,1.184318921637579,1.3134502953080753,1.26952855109961,1.277030840125387,1.2456449822142304,1.293853674900383,1.2812921555132097,1.2813202586261676,1.3310147600320121,1.2998613970084094,1.3372207254197634,1.2604755560989096,1.279216112581669,1.2318235577923484,1.332386772962887,1.3698004648911335,1.25220324884068,1.2726061225645373,1.2209923352873007,1.2886528060614055,1.2292955667991423,1.290624663305513,1.2892279114786707,1.3360648223375269,1.3130914882836104,1.2631017738558112,1.335259296578284,1.3455766892817458,1.2136693198146897,1.3451994643801424,1.2583882098196697,1.3029607867740332
111,1.349227086988559,1.2345925281576755,1.4122229423550534,1.2984594828930602,1.3591202758922907,1.1870996690610698,1.3455025272935976,1.3056858923650327,1.3375172573234322,1.326052696398177,1.356323814479308,1.3655933090570997,1.3062372160517302,1.382498120041717,1.2354204627462302,1.2576261790337946,1.3502956183186636,1.300818481647249,1.2729720033346699,1.256443484750222,1.3389765052962639,1.2565125009167415,1.3908792712406133,1.2882067923797476,1.3552779282038838,1.243314332647677,1.2554114378080365,1.287046608890655,1.3100826822955889,1.2738981963601372,1.3129726015073087,1.2598129576111778
112,1.3454847740848404,1.2650607190609304,1.2190733785373524,1.1576252002439587,1.2847500968640841,1.2477264063167584,1.3926970076998213,1.262066295950963,1.322156405672325,1.3780401593935698,1.2913046571859956,1.2209138353869942,1.256172370309438,1.3393157298904954,1.2684358978724417,1.2869573120941054,1.2971576335242936,1.279089460685621,1.2561648127647314,1.323659902133036,1.2430497921789219,1.2828475898098954,1.2987271531793134,1.2617512070707009,1.1965853726376594,1.348461748957279,1.2710322054345682,1.2459179901220023,1.247782456407027,1.279706500570905,1.3724786498951567,1.372901072195508
113,1.331704651905011,1.3988672171416687,1.3590615056144686,1.3642991808136846,1.284511539940355,1.337036717326888,1.1909463069336816,1.3019112253714489,1.2150818240893733,1.2510821054873524,1.3063032104859644,1.220739706623421,1.3640474404239231,1.357053719665436,1.3750602342293299,1.3400688750623255,1.2414713090946912,1.3602814460899397,1.320902226588185,1.3163488606996863,1.312288694349941,1.3149291409132118,1.4120923259380853,1.2797281249876153,1.221137251018112,1.388578454461432,1.37459197502817,1.2535279113591684,1.2436235065824337,1.285579786197963,1.3771115935713178,1.1905915154906157
114,1.2824028235299438,1.2819225681262618,1.430614100456262,1.333350508624735,1.4122178954985916,1.3343701124513871,1.2888571684892547,1.2491471464736243,1.2958241039558582,1.3889069776900342,1.352936495650656,1.3609476093843509,1.2948172423494102,1.2845866449480268,1.338910384036275,1.283299359854584,1.3662866314391238,1.3714401867316244,1.314046727587823,1.2915172437427096,1.2730563746093972,1.3656129771779035,1.3439514114140931,1.2377402104235693,1.2984414761345362,1.234784997864801,1.2521666930246438,1.3339878581976832,1.3190347014733166,1.3657116695882439,1.3258812172097885,1.3193478976713244
115,1.3314788250541492,1.3264249108919162,1.3237926486612328,1.2419705709471032,1.3633430393019133,1.3864549477973622,1.3029268784556258,1.2836878700831338,1.2313823016699137,1.2314220055717937,1.3202309383509352,1.3093520940483396,1.2837957266458453,1.3070361294532324,1.3873902754457843,1.3684275444897582,1.3466065466300008,1.3727995956918424,1.362809655404489,1.2016218498734352,1.3449259270109986,1.3395192347020388,1.2889956785289984,1.3161792472702172,1.3499195472159948,1.3306447818049807,1.3485115832638521,1.3439845906623966,1.3961396236693095,1.4034726104804753,1.3967344105728186,1.3983008361020248
116,1.3910949943791648,1.331971104464082,1.1797153459042513,1.3544904436367633,1.3538370392770178,1.3067762702941204,1.3949814718180893,1.2378273854635453,1.316312965330935,1.2630171492949072,1.2994255541204685,1.3728941607821108,1.3186960952964293,1.349188764513335,1.293682060946711,1.3202377113096866,1.407818486485537,1.4159292993199188,1.2671695968366006,1.1690844772811586,1.357646661594061,1.3661194026751835,1.289668737609155,1.2686674098671096,1.315211893625797,1.3055972932327264,1.2855858182855375,1.3394494894394418,1.378583956104507,1.2381141190546443,1.1958132939115242,1.322792277935498
117,1.3712671492271362,1.2891521991788328,1.3529420468806161,1.2298359478742382,1.3267334901431307,1.225061729953929,1.3265452148110768,1.3390147448293424,1.3899447930736226,1.3146920450778625,1.2207828186487988,1.373624340570825,1.3141251421272877,1.237733747409103,1.3015981991893624,1.3775699224766753,1.2801737127064865,1.2800447850321257,1.2491789791959744,1.2702769684576964,1.2189276116272174,1.2442354643158038,1.3089972544893143,1.1394963758991674,1.2071514194495574,1.3288440269441564,1.2973754317935857,1.2509356773707847,1.3218918755296423,1.3442042910894094,1.219092862837858,1.31456160148194
118,1.3084594564030025,1.3347291870385725,1.3466003178008175,1.2164934781382328,1.3341871479534053,1.2496466670098578,1.252100032367324,1.28895230133798,1.2848947583774435,1.368999336404866,1.2891791827563457,1.323355300989506,1.2583232291789506,1.270632494511544,1.2938464402487162,1.3085831096595608,1.3156022076737952,1.3781200918264382,1.3202623885146625,1.3775891343556335,1.3872740162989892,1.2713032365256767,1.2438925286336748,1.1756366185584541,1.2956053798488247,1.293122157274418,1.2835908130582845,1.3749107196156645,1.3546828894808949,1.2693119002270419,1.2375919995014266,1.2816592883026912
119,1.3109179036443719,1.3140253768902719,1.2969670153744082,1.285177086280423,1.313791646722509,1.2628215567310515,1.2459651728792105,1.315285828752844,1.2457409812356297,1.223518745521791,1.2786591788809096,1.2139586207810305,1.391574995793039,1.3271472985747617,1.2730474885106853,1.2721040718259002,1.3571362516081822,1.3011890257946652,1.3162091893523193,1.2341257907418475,1.2783089123323517,1.2876372553013573,1.3505997465290482,1.2100197201803702,1.4021039577404404,1.2164364276357598,1.267228843023953,1.2043650520831235,1.2989283450639486,1.224877455041097,1.2563778909810945,1.2735105624051242
120,1.408974813558119,1.347393183396209,1.3570408197316726,1.2788499544681804,1.3118446786952531,1.3171808957686726,1.3152616132134438,1.2555966636350282,1.3086321204815505,1.20309991625919,1.3948349483633107,1.3835437045732273,1.3657894285631025,1.2505509286006344,1.238051103998429,1.3854704910805664,1.2629700809883628,1.4023938316556117,1.2897373360838524,1.3174580093130128,1.3669518311486177,1.3460264452358508,1.2542473688119644,1.264875988075617,1.1929197490863208,1.2051048500781514,1.3458136192943826,1.26892591458501,1.3106727277356531,1.3124935180216803,1.2007239701432348,1.382943024512595
121,1.4034875254122714,1.3077749421856588,1.284497427657977,1.3132315709373155,1.3610077522897053,1.3414480673110036,1.2229297666138912,1.262015792992939,1.3256883894209406,1.3662654843065787,1.2541525664899689,1.2889648593433216,1.2606140460088189,1.2946461872670225,1.3181343030070456,1.2799435753711403,1.2162630413278575,1.2789550136816503,1.3283569229461374,1.3244963915766683,1.301942201169228,1.3472260575960726,1.2759285903543987,1.3601563325280326,1.2999777949202607,1.2996258918265717,1.3437120828885718,1.3664565442143684,1.283940017311146,1.2716379391295913,1.3509393915630474,1.3812045194540234
122,1.3204891300295647,1.2838187070373852,1.311506081760699,1.262035827049987,1.3132333304105697,1.322298008023032,1.4016467210061179,1.3134549281575276,1.1978011067534515,1.3091815874264974,1.3360517355671433,1.332483350588007,1.2615709029915112,1.2593646174547495,1.2986415319816886,1.3283654930328033,1.2687599879015377,1.2904681513724505,1.3561781340872163,1.3220207034080247,1.3479232136659571,1.2695844957183582,1.2816464919053456,1.252862030356153,1.3049062957869575,1.4229068591675185,1.320828803147839,1.327422240937198,1.228619502333928,1.3094840403043815,1.2957624120224784,1.3152897916264585
123,1.3462880433790207,1.2688223204992668,1.385782585135797,1.4198636401436924,1.2024997671383886,1.3191437286500352,1.3536405422712476,1.3072269808490904,1.3662283674514264,1.3193625161152087,1.3387851558944097,1.2941764097614148,1.2958362176354348,1.3565350534289158,1.261407599794489,1.359568622940383,1.323394941319718,1.2735409031144356,1.2985573947785864,1.3841004584874106,1.325132734119059,1.1913887828764198,1.4435783654109962,1.2946650381556057,1.323622564787302,1.2986237554756483,1.197852384524594,1.3538286311728494,1.198110912448454,1.2121074145442898,1.3505692574420365,1.2044326814370465
124,1.3322373239799858,1.4071713662298706,1.416523981925172,1.300712067554926,1.4006868588436308,1.314962910033992,1.2748135566707088,1.285278018856322,1.3216922262220747,1.265531835974705,1.3483883405965431,1.2462848799529334,1.273756314709784,1.2650558184409035,1.266451995863403,1.2864222455825962,1.3128311662100898,1.3231379901402964,1.3074918983383452,1.284748192295521,1.3525801150466576,1.3532653098073555,1.2253554287029216,1.2143651945902987,1.2373549743711678,1.389385640376165,1.2960436815178622,1.3461788160652508,1.3038526725294703,1.2656125098413669,1.2843180154041858,1.2364711110245779
125,0.4991353742123964,0.5076568675820133,0.511809866535964,0.4416452613521614,0.5124152019144003,0.4746903291161988,0.5567532901045057,0.4658020870181101,0.39014464709822305,0.4729172538920429,0.5225303607220136,0.5676004167725419,0.4799578199462889,0.4882397171160381,0.5250728333437655,0.5771467956470885,0.5300339251627064,0.5768524875385966,0.5173137935875133,0.40734649510054255,0.5666070391439639,0.4981747998608405,0.4417808270434811,0.5130565790926176,0.496472691108548,0.4258171357066795,0.4446461219870045,0.46515915107601874,0.45775051958382684,0.46887181280742085,0.5080934155733858,0.46970995285288564
126,0.5279784192584078,0.5800627189921137,0.5068034781772297,0.5239430302129702,0.5604918510283914,0.4894165941216819,0.39997418255227124,0.42601866008989075,0.5060822643166007,0.5791517322805901,0.5453037022834414,0.5296293683972083,0.43356417521701024,0.497198003246533,0.4764929026378326,0.4981953619268111,0.5104636264724026,0.4853593473966568,0.403462059413514,0.511872831303821,0.44456949712122007,0.5232656894986538,0.5558680501625607,0.4334428955124336,0.46883356821635325,0.4446025894250984,0.41051806060637946,0.5543820415623999,0.5427301787696562,0.4952266838169131,0.5054905359557451,0.45297371576230777
127,0.5076635022059245,0.5297847285085048,0.5035078883941588,0.4861849034351108,0.6169456956787414,0.3972064003596307,0.4583289749555191,0.5424206071540066,0.4761219601805304,0.5429275459353133,0.42670214562257447,0.5032872615013724,0.45676075408165107,0.5538819813350914,0.3871539938399685,0.4852622202935476,0.5052326983543012,0.485509104682067,0.5136193577238152,0.48685522558627353,0.6022412497547529,0.5085907966676815,0.4999944785589403,0.42767876068319055,0.459984842942975,0.5108648894263352,0.4494074818985865,0.5083166264645024,0.5332906917205574,0.4405899689121845,0.5491826618915358,0.5451552109500858
128,0.4165440204611888,0.5535333045313047,0.47911612231149975,0.5127105199316073,0.5103661152172859,0.5064915628277374,0.5086103717159358,0.4155793626611718,0.4422048963857731,0.5940130499158487,0.5385513189110603,0.4153199035612584,0.4815088622674075,0.44890462968222783,0.4893726045366308,0.5190754262149193,0.4922112500156808,0.49836840110376573,0.5211929319988536,0.44985647501998305,0.5028246986074099,0.5105577592783246,0.5039028204398093,0.5481781886321474,0.4805883393655694,0.5624922694734602,0.4613560521893505,0.4685115449955184,0.586004514033148,0.4389303486518902,0.434799814076254,0.45258670495670494
129,0.5266549511482215,0.4701878926726661,0.47097898023247364,0.4279439901764159,0.5196285724726679,0.5074977807007972,0.4155010664551634,0.5047054123439617,0.5171173258813144,0.518070537083358,0.49541796073273164,0.46996435581134594,0.4847466410033225,0.5386732891602912,0.46533523396756105,0.4559620097171579,0.5017406974814217,0.38546496484225445,0.5120878363347027,0.480472729269897,0.4702744231217359,0.5338685640215167,0.4791838696026314,0.49919838021031304,0.5835123775542466,0.4731954254640633,0.42462034625704637,0.5551017931359047,0.4729381407319463,0.5811498828696444,0.5604722433584316,0.5263860874204677
130,0.47795248763326853,0.5435279326540984,0.5601361893426735,0.4532164874683897,0.5030890715774161,0.48622308482059157,0.48453299787561227,0.47184322828803493,0.476962019129778,0.4753641360308624,0.43094036945816167,0.4848567290105029,0.4926263550012951,0.47084864156054884,0.5947514792057561,0.5219431401560881,0.5729505603601135,0.473077738979786,0.4521192793917429,0.5203069829654786,0.5359434001177475,0.4163192722109915,0.5017138860083814,0.44175215159181436,0.4220702967014398,0.5485497928574259,0.4592956947084503,0.5033676231178976,0.5502740895350098,0.46707992657893826,0.4766403452596446,0.5415720198652884
131,0.5542500528974288,0.5225466244946888,0.487744018695259,0.5154654024889319,0.46011867529536343,0.47696493317974914,0.5510608205075063,0.35969602545426027,0.5538634455589002,0.6214774501266378,0.5163604734423731,0.4569745855343393,0.47042591425014013,0.500673076537478,0.4775985757522402,0.40774751623004735,0.5133930671529624,0.5459142634498741,0.48914057936532807,0.5153746027280384,0.4967067356262554,0.4440813018729376,0.5290080667954343,0.6152592481212644,0.4872538046674258,0.5385896841408214,0.5341803753930136,0.4414943249719624,0.4869736181169842,0.5477762758967473,0.31620019809115235,0.6031554720393155
132,0.41125427781564416,0.5816488462630836,0.4977728505828858,0.5034119805252313,0.516810792971877,0.4018188240902636,0.4998584189667471,0.5384313937268056,0.4698682307882205,0.4697506702666385,0.45044258016634675,0.5055752503140307,0.508312573599173,0.41106590014857325,0.5288985538021368,0.5408561098704218,0.4883459471068657,0.5268213539681351,0.5514338021293765,0.5850792223463415,0.5427356475642082,0.5160816537865381,0.4086806979135504,0.5243694559925088,0.45415880980953494,0.47623099156181053,0.42335991353438424,0.4502049100556094,0.555218599677324,0.4512129902317601,0.5864603738551165,0.48445449921568445
133,0.42763226133798576,0.5196919616407313,0.4481426675021194,0.583665711708443,0.502215581523881,0.464702626629614,0.56054749342121,0.4648627587741271,0.5879272838172515,0.36958609714897295,0.4907295853851212,0.4691337469531447,0.48288198497806734,0.5558035301769827,0.4817017858490662,0.6082565178569578,0.5466457613034408,0.3971097554072324,0.391754154686866,0.5605128404308283,0.488494550146031,0.4518628114809594,0.512150224928894,0.5579962432562087,0.4816666011872332,0.46784380505316947,0.5075830651356243,0.46317191780804773,0.5638921206000085,0.49292892314416836,0.5907379867776427,0.5358114683737827
134,0.45920297450944103,0.5308033759053015,0.49750173669374864,0.42664090716730246,0.5404418334702278,0.4966344241037694,0.47296853030690206,0.5406697682840192,0.48525755830497513,0.4839290154295819,0.43071205063769535,0.5217212135366351,0.4295990659932984,0.531746022471256,0.5252420872830321,0.38525403168856587,0.40138019503808003,0.43994087954829775,0.5620725305944266,0.42469999172759754,0.47953574410485666,0.5156206650164404,0.44094774173566065,0.5078281382206071,0.47841007147050596,0.4560629388408166,0.5066493819674388,0.5217380367257903,0.5269224673496934,0.6160942395280444,0.6273746435230361,0.5797255763296669
135,0.5133454275491022,0.5743905908347854,0.5498311056620729,0.38545288313330883,0.46260736325340174,0.5695162062424469,0.3992809851231177,0.45030343813674173,0.5426231219731283,0.6233680943996682,0.4522951035951698,0.49691100018464324,0.4625070149891076,0.46217823817009596,0.4945423004118423,0.4574424351549151,0.5497319561821985,0.47481543511649993,0.5326664075681649,0.5562262526593177,0.6007881999428699,0.4503993469823055,0.5002379516534101,0.5752937728228636,0.5253865470026962,0.48140762132227716,0.4653978877773473,0.5074788562350421,0.48023609889939606,0.4420944241527228,0.4798890995183406,0.36680638417993816
136,0.5448448168789957,0.5723585278032683,0.44887316892622525,0.4833274508985357,0.4718359961096262,0.48897680292996865,0.4963197653511617,0.5296769819167155,0.5345322655638012,0.4846371792233147,0.5001520007418552,0.5283189719675354,0.4434168805597164,0.5529568466108579,0.5006563709323749,0.5607138838499813,0.4818742730105251,0.4791201150527413,0.4571937918333559,0.5820489010476442,0.531566865770723,0.45465732715492807,0.38662914429432227,0.48114773293313706,0.5034696352245241,0.5093178011051377,0.44401347359033794,0.5124885871677974,0.48928488621311317,0.5683359077963687,0.4321818176123274,0.6290291888187026
137,0.533927191630623,0.49924177316905793,0.542437905714309,0.4455320973207685,0.5394060606343081,0.4792301345942404,0.5004074401183533,0.5295654174219024,0.5666194752603597,0.4965240370215203,0.5143976916605887,0.45692055678705784,0.5767288265793652,0.5716447795134904,0.6286003034960991,0.47201948300813323,0.517319778090407,0.5379671007709702,0.4810773966058055,0.46235821459410853,0.4788378489854386,0.5114808352009296,0.5476134201708207,0.5626379369021483,0.6042349913568696,0.5332877656759446,0.5313525889940074,0.4219376958710165,0.5524663579022654,0.543301376009171,0.5787668243171198,0.5158067249953867
138,0.4220171709542476,0.516947043770136,0.5751784783932269,0.49585566014768495,0.43503474928208924,0.5379445253001172,0.4713021260504549,0.48016022050101925,0.49804481189630584,0.47976661416863814,0.5592944372577593,0.5595364371120531,0.44729072897606376,0.582059624792831,0.49816621928578303,0.6594739944741175,0.4965672882518399,0.4177034577090656,0.4612828798721366,0.3981901189362288,0.5788857488197375,0.5570973007426353,0.5110809181986937,0.5521068415452802,0.4883515218366718,0.536561918148502,0.5817022364963542,0.5296618683723107,0.5178898902160664,0.4736951093942545,0.4607921993453752,0.5500057416895529
139,0.5200244185011089,0.5530097783947797,0.45813646036923905,0.48115913973918734,0.5368691241648397,0.5245266149692882,0.4863379000490672,0.4510700946139106,0.4545839818275857,0.49485197346085413,0.48071897492334686,0.4574728260170507,0.47331468948741107,0.4605990013308273,0.437683920843457,0.4801204380774669,0.4146343841103515,0.5433932675781505,0.4079526611190784,0.5291989374959365,0.5463278447953116,0.5522920181454599,0.4857926072866373,0.46084470537424915,0.5010614872908471,0.4141031931008138,0.5484728211782453,0.5896092016615125,0.5399810137113608,0.49959684252622033,0.5090122290799688,0.4722603642522714
140,0.4549646857083975,0.41750807235608306,0.5031840665074826,0.4533114780410116,0.4527377270446858,0.4428606779173198,0.4903386020842664,0.46261764851191894,0.5005443602492843,0.4755565212289269,0.4557998554541041,0.45074935805401073,0.48470242208157227,0.5518686150198779,0.49325219567311407,0.45965173641340756,0.4656675174074335,0.4474998471592739,0.48134209173741677,0.3329782448717968,0.4362033537636657,0.5522778612491307,0.47368902554095904,0.5359654028730515,0.5661759057855387,0.44822836742724637,0.44719038840228037,0.5439772305697559,0.4999263053353106,0.4937876858354244,0.569186995777428,0.48355276210004444
141,0.4868724224151371,0.4473091968141732,0.5940967247438564,0.5364721752184012,0.5170834259532213,0.4960246903013949,0.5446431509178151,0.5069931010546219,0.5513549410374764,0.451837587003527,0.5615128794154841,0.498173625429949,0.5732754221344998,0.6229331356633434,0.4439584785198051,0.5311106853436423,0.4852973897253708,0.5390300965631728,0.5116781249704787,0.5457167950831149,0.4981112632320268,0.5476411624364916,0.45190975913332787,0.5405399250792702,0.4529472668393885,0.5081431362532907,0.4136116030400592,0.3314059883654532,0.5389611580008966,0.3943711440946304,0.40887790368595,0.5721032405862212
142,0.4780140392229752,0.5702991064867436,0.5691521797087591,0.5136942262851164,0.4336622161631467,0.48619229920929546,0.42417540323655123,0.522168244836318,0.5417476847740724,0.4458849054576641,0.5782305019216867,0.4797400975109665,0.5581732276774272,0.509926643521105,0.3691338195670901,0.3860491719327566,0.529195617276986,0.49146587351489085,0.6154947043051813,0.4557729302923975,0.5263288902121939,0.42351340373381713,0.49970968636263785,0.497297000842301,0.4674162329799876,0.49401442216389296,0.5346584991019332,0.5527754458100047,0.4421887777552928,0.4960623102095063,0.4800078460999941,0.4910892586827518
143,0.44775421494657947,0.5978519289185221,0.563198150896902,0.4947190405831882,0.5983127191990771,0.5405193906894294,0.5249210603692703,0.5494080925486506,0.4942023893974275,0.5239090656199601,0.47740543393793045,0.5558726182880128,0.5514492472933609,0.6386711187627246,0.49215749455304786,0.4788815219747996,0.5540957526117015,0.41963102331738844,0.4702529610004275,0.5440602695807784,0.5313812610454584,0.5330447245104427,0.5947626914573316,0.447573277283156,0.4433597514522151,0.5415575013632842,0.4535441238480895,0.560062592385694,0.4564835898568711,0.48177269853656773,0.49305229935159317,0.4957894469741229
